<?xml version="1.0" encoding="UTF-8"?>
<metadata xml:lang="en"><Esri><CreaDate>20240323</CreaDate><CreaTime>08334400</CreaTime><ArcGISFormat>1.0</ArcGISFormat><SyncOnce>TRUE</SyncOnce><DataProperties><lineage><Process ToolSource="c:\program files\arcgis\pro\Resources\ArcToolbox\toolboxes\Conversion Tools.tbx\ExportCAD" Date="20240323" Time="083344">ExportCAD Pavement "DXF version 2018" C:\Files\Princeton_Landing\Princeton_Landing_Landing\Princeton_Landing\Pavement.dxf Ignore_Filenames_in_Tables Overwrite_Existing_Files #</Process></lineage></DataProperties></Esri></metadata>
